player,position,team,age,club,birth_year,games,games_starts,minutes,minutes_90s,goals,assists,goals_pens,cards_yellow,cards_red
Alexis Mac Allister,MF,Argentina,23-359,Brighton,1998,6,6,550,6.1,1,1,1,0,0
Cristian Romero,DF,Argentina,24-235,Tottenham,1998,7,6,547,6.1,0,0,0,2,0
Emiliano Martínez,GK,Argentina,30-107,Aston Villa,1992,7,7,690,7.7,0,0,0,1,0
Enzo Fernández,MF,Argentina,21-335,Benfica,2001,7,5,564,6.3,1,1,1,1,0
Exequiel Palacios,MF,Argentina,24-074,Leverkusen,1998,3,0,50,0.6,0,0,0,0,0
Germán Pezzella,DF,Argentina,31-174,Betis,1991,3,0,60,0.7,0,0,0,1,0
Gonzalo Montiel,DF,Argentina,25-351,Sevilla,1997,4,1,118,1.3,0,0,0,3,0
Guido Rodríguez,MF,Argentina,28-250,Betis,1994,1,1,56,0.6,0,0,0,0,0
Juan Foyth,DF,Argentina,24-340,Villarreal,1998,1,0,5,0.1,0,0,0,0,0
Julián Álvarez,FW,Argentina,22-321,Manchester City,2000,7,5,464,5.2,4,0,4,0,0
Lautaro Martínez,FW,Argentina,25-118,Inter,1997,6,2,241,2.7,0,0,0,0,0
Leandro Paredes,MF,Argentina,28-172,Juventus,1994,5,2,225,2.5,0,0,0,2,0
Lionel Messi,FW,Argentina,35-177,Paris S-G,1987,7,7,690,7.7,7,3,3,1,0
Lisandro Martínez,DF,Argentina,24-334,Manchester Utd,1998,5,2,303,3.4,0,0,0,1,0
Marcos Acuña,DF,Argentina,31-051,Sevilla,1991,6,4,373,4.1,0,0,0,3,0
Nahuel Molina,DF,Argentina,24-256,Atlético Madrid,1998,7,6,567,6.3,1,1,1,0,0
Nicolás Otamendi,DF,Argentina,34-309,Benfica,1988,7,7,690,7.7,0,1,0,2,0
Nicolás Tagliafico,DF,Argentina,30-109,Lyon,1992,6,3,373,4.1,0,0,0,0,0
Papu Gómez,MF,Argentina,34-306,Sevilla,1988,2,2,107,1.2,0,0,0,0,0
Paulo Dybala,FW,Argentina,29-033,Roma,1993,2,0,18,0.2,0,0,0,0,0
Rodrigo De Paul,MF,Argentina,28-208,Atlético Madrid,1994,7,7,599,6.7,0,0,0,0,0
Thiago Almada,MF,Argentina,21-236,Atlanta Utd,2001,1,0,7,0.1,0,0,0,0,0
Ángel Correa,MF,Argentina,27-284,Atlético Madrid,1995,1,0,5,0.1,0,0,0,0,0
Ángel Di María,MF,Argentina,34-307,Juventus,1988,5,4,288,3.2,1,1,1,0,0
Aaron Mooy,MF,Australia,32-094,Celtic,1990,4,4,360,4,0,0,0,1,0
Ajdin Hrustic,MF,Australia,26-166,Hellas Verona,1996,3,0,62,0.7,0,0,0,0,0
Awer Mabil,MF,Australia,27-094,Cádiz,1995,2,0,24,0.3,0,0,0,0,0
Aziz Behich,DF,Australia,32-002,Dundee United,1990,4,4,360,4,0,0,0,1,0
Bailey Wright,DF,Australia,30-143,Sunderland,1992,1,0,17,0.2,0,0,0,0,0
Craig Goodwin,MF,Australia,31-002,Adelaide,1991,4,3,234,2.6,1,1,1,0,0
Fran Karačić,DF,Australia,26-220,Brescia,1996,2,1,93,1,0,0,0,0,0
Garang Kuol,FW,Australia,18-094,Central Coast,2004,2,0,37,0.4,0,0,0,0,0
Harry Souttar,DF,Australia,24-057,Stoke City,1998,4,4,360,4,0,0,0,0,0
Jackson Irvine,MF,Australia,29-286,St. Pauli,1993,4,4,354,3.9,0,0,0,2,0
Jamie Maclaren,FW,Australia,29-142,Melb City,1993,3,0,55,0.6,0,0,0,0,0
Jason Cummings,FW,Australia,27-139,Central Coast,1995,1,0,35,0.4,0,0,0,0,0
Keanu Baccus,MF,Australia,24-194,St Mirren,1998,4,1,114,1.3,0,0,0,0,0
Kye Rowles,DF,Australia,24-177,Hearts,1998,4,4,360,4,0,0,0,0,0
Mathew Leckie,MF,Australia,31-317,Melb City,1991,4,4,333,3.7,1,1,1,0,0
Mathew Ryan,GK,Australia,30-254,FC Copenhagen,1992,4,4,360,4,0,0,0,0,0
Miloš Degenek,DF,Australia,28-234,Columbus Crew,1994,4,2,183,2,0,0,0,2,0
Mitchell Duke,FW,Australia,31-334,Fagi Okayama,1991,4,4,270,3,1,0,1,1,0
Nathaniel Atkinson,DF,Australia,23-188,Hearts,1999,1,1,84,0.9,0,0,0,0,0
Riley McGree,FW,Australia,24-046,Middlesbrough,1998,4,4,265,2.9,0,1,0,0,0
Amadou Onana,MF,Belgium,21-124,Everton,2001,2,1,104,1.2,0,0,0,2,0
Axel Witsel,MF,Belgium,33-340,Atlético Madrid,1989,3,3,270,3,0,0,0,0,0
Charles De Ketelaere,FW,Belgium,21-283,Milan,2001,1,0,16,0.2,0,0,0,0,0
Dries Mertens,MF,Belgium,35-226,Galatasaray,1987,2,1,76,0.8,0,0,0,0,0
Eden Hazard,MF,Belgium,31-345,Real Madrid,1991,3,2,124,1.4,0,0,0,0,0
Jan Vertonghen,DF,Belgium,35-238,Anderlecht,1987,3,3,270,3,0,0,0,0,0
Jeremy Doku,MF,Belgium,20-205,Rennes,2002,1,0,19,0.2,0,0,0,0,0
Kevin De Bruyne,FW,Belgium,31-173,Manchester City,1991,3,3,270,3,0,0,0,0,0
Leander Dendoncker,DF,Belgium,27-247,Aston Villa,1995,2,2,161,1.8,0,0,0,1,0
Leandro Trossard,FW,Belgium,28-014,Brighton,1994,3,1,103,1.1,0,0,0,0,0
Loïs Openda,FW,Belgium,22-305,Lens,2000,1,0,13,0.1,0,0,0,0,0
Michy Batshuayi,FW,Belgium,29-077,Fenerbahçe,1993,2,2,151,1.7,1,0,1,0,0
Romelu Lukaku,FW,Belgium,29-219,Inter,1993,2,0,55,0.6,0,0,0,0,0
Thibaut Courtois,GK,Belgium,30-221,Real Madrid,1992,3,3,270,3,0,0,0,0,0
Thomas Meunier,DF,Belgium,31-097,Dortmund,1991,3,2,211,2.3,0,0,0,1,0
Thorgan Hazard,FW,Belgium,29-264,Dortmund,1993,2,1,106,1.2,0,0,0,0,0
Timothy Castagne,DF,Belgium,27-013,Leicester City,1995,3,3,270,3,0,0,0,0,0
Toby Alderweireld,DF,Belgium,33-291,Antwerp,1989,3,3,270,3,0,1,0,0,0
Yannick Carrasco,FW,Belgium,29-105,Atlético Madrid,1993,2,2,116,1.3,0,0,0,1,0
Youri Tielemans,MF,Belgium,25-225,Leicester City,1997,3,1,95,1.1,0,0,0,0,0
Alex Sandro,DF,Brazil,31-326,Juventus,1991,3,2,190,2.1,0,0,0,0,0
Alex Telles,DF,Brazil,30-003,Sevilla,1992,2,1,59,0.7,0,0,0,0,0
Alisson,GK,Brazil,30-077,Liverpool,1992,4,4,379,4.2,0,0,0,0,0
Antony,FW,Brazil,22-297,Manchester Utd,2000,4,1,172,1.9,0,0,0,0,0
Bruno Guimarães,MF,Brazil,25-032,Newcastle Utd,1997,2,0,69,0.8,0,0,0,1,0
Casemiro,MF,Brazil,30-298,Manchester Utd,1992,4,4,390,4.3,1,0,1,1,0
Dani Alves,DF,Brazil,39-226,UNAM,1983,2,1,118,1.3,0,0,0,0,0
Danilo,DF,Brazil,31-156,Juventus,1991,3,3,281,3.1,0,0,0,1,0
Ederson,GK,Brazil,29-123,Manchester City,1993,1,1,90,1,0,0,0,0,0
Everton Ribeiro,MF,Brazil,33-252,Flamengo,1989,1,0,36,0.4,0,0,0,0,0
Fabinho,MF,Brazil,29-056,Liverpool,1993,1,1,90,1,0,0,0,0,0
Fred,MF,Brazil,29-288,Manchester Utd,1993,4,2,142,1.6,0,0,0,1,0
Gabriel Jesus,FW,Brazil,25-259,Arsenal,1997,3,1,93,1,0,0,0,0,0
Gleison Bremer,DF,Brazil,25-275,Juventus,1997,2,1,109,1.2,0,0,0,0,0
Lucas Paquetá,MF,Brazil,25-113,West Ham,1997,4,4,314,3.5,1,1,1,0,0
Marquinhos,DF,Brazil,28-218,Paris S-G,1994,5,4,426,4.7,0,0,0,1,0
Martinelli,FW,Brazil,21-183,Arsenal,2001,3,1,113,1.3,0,0,0,0,0
Neymar,MF,Brazil,30-316,Paris S-G,1992,3,3,279,3.1,2,0,1,0,0
Pedro,FW,Brazil,25-181,Flamengo,1997,2,0,64,0.7,0,0,0,0,0
Raphinha,FW,Brazil,26-004,Barcelona,1996,5,4,315,3.5,0,1,0,0,0
Richarlison,FW,Brazil,25-222,Tottenham,1997,4,4,323,3.6,3,0,3,0,0
Rodrygo,MF,Brazil,21-343,Real Madrid,2001,5,1,181,2,0,1,0,0,0
Thiago Silva,DF,Brazil,38-087,Chelsea,1984,4,4,390,4.3,0,1,0,0,0
Vinicius Júnior,FW,Brazil,22-159,Real Madrid,2000,4,4,299,3.3,1,2,1,0,0
Wéverton,GK,Brazil,35-005,Palmeiras,1987,1,0,11,0.1,0,0,0,0,0
Éder Militão,DF,Brazil,24-334,Real Madrid,1998,4,4,347,3.9,0,0,0,1,0
Andre-Frank Zambo Anguissa,MF,Cameroon,27-032,Napoli,1995,3,3,260,2.9,0,1,0,0,0
André Onana,GK,Cameroon,26-260,Inter,1996,1,1,80,0.9,0,0,0,0,0
Bryan Mbeumo,FW,Cameroon,23-133,Brentford,1999,3,3,233,2.6,0,0,0,0,0
Christian Bassogog,MF,Cameroon,27-061,Shanghai Shen,1995,1,0,24,0.3,0,0,0,1,0
Christopher Wooh,DF,Cameroon,21-091,Rennes,2001,1,1,90,1,0,0,0,0,0
Collins Fai,DF,Cameroon,30-127,Al-Ta'ee,1992,3,3,270,3,0,0,0,2,0
Devis Epassy,GK,Cameroon,29-319,Abha,1993,2,2,180,2,0,0,0,0,0
Enzo Ebosse,DF,Cameroon,23-282,Udinese,1999,1,1,90,1,0,0,0,0,0
Eric Maxim Choupo-Moting,FW,Cameroon,33-270,Bayern Munich,1989,3,3,253,2.8,1,0,1,0,0
Gaël Ondoua,MF,Cameroon,27-044,Hannover 96,1995,2,0,47,0.5,0,0,0,0,0
Georges-Kévin N'Koudou,FW,Cameroon,27-308,Beşiktaş,1995,2,0,27,0.3,0,0,0,0,0
Jean-Charles Castelletto,DF,Cameroon,27-326,Nantes,1995,2,2,180,2,1,1,1,0,0
Jerome Ngom Mbekeli,MF,Cameroon,24-079,Colombe Sportive du Dja et Lobo,1998,1,0,5,0.1,0,0,0,0,0
Karl Toko Ekambi,FW,Cameroon,30-095,Lyon,1992,3,2,166,1.8,0,0,0,0,0
Martin Hongla,MF,Cameroon,24-277,Hellas Verona,1998,2,2,121,1.3,0,0,0,0,0
Moumi Ngamaleu,FW,Cameroon,28-162,Dynamo Mosc,1994,2,1,95,1.1,0,0,0,0,0
Nicolas Nkoulou,DF,Cameroon,32-266,Aris,1990,2,2,180,2,0,1,0,1,0
Nouhou Tolo,DF,Cameroon,25-178,Seattle,1997,3,3,270,3,0,0,0,1,0
Olivier Ntcham,MF,Cameroon,26-312,Swansea City,1996,1,0,25,0.3,0,0,0,0,0
Pierre Kunde,MF,Cameroon,27-145,Olympiacos,1995,2,2,131,1.5,0,0,0,1,0
Samuel Oum Gouet,MF,Cameroon,25-005,Mechelen,1997,2,1,100,1.1,0,0,0,0,0
Vincent Aboubakar,FW,Cameroon,30-330,Al-Nassr,1992,3,1,142,1.6,2,1,2,2,1
Alistair Johnston,DF,Canada,24-071,CF Montréal,1998,3,3,270,3,0,0,0,1,0
Alphonso Davies,MF,Canada,22-046,Bayern Munich,2000,3,3,270,3,1,0,1,1,0
Atiba Hutchinson,MF,Canada,39-313,Beşiktaş,1983,3,2,159,1.8,0,0,0,0,0
Cyle Larin,FW,Canada,27-245,Club Brugge,1995,3,2,137,1.5,0,0,0,0,0
David Wotherspoon,MF,Canada,32-336,St Johnstone,1990,1,0,15,0.2,0,0,0,0,0
Ismaël Koné,MF,Canada,20-195,CF Montréal,2002,3,0,109,1.2,0,0,0,0,0
Jonathan David,FW,Canada,22-338,Lille,2000,3,2,192,2.1,0,0,0,0,0
Jonathan Osorio,MF,Canada,30-189,Toronto FC,1992,3,1,119,1.3,0,0,0,1,0
Junior Hoilett,FW,Canada,32-196,Reading,1990,3,2,161,1.8,0,0,0,1,0
Kamal Miller,DF,Canada,25-216,CF Montréal,1997,3,3,270,3,0,0,0,1,0
Liam Millar,DF,Canada,23-082,Basel,1999,1,0,10,0.1,0,0,0,0,0
Lucas Cavallini,FW,Canada,29-355,Vancouver,1992,1,0,19,0.2,0,0,0,0,0
Mark-Anthony Kaye,MF,Canada,28-016,Toronto FC,1994,1,1,59,0.7,0,0,0,0,0
Milan Borjan,GK,Canada,35-056,Red Star,1987,3,3,270,3,0,0,0,0,0
Richie Laryea,DF,Canada,27-345,Toronto FC,1995,3,2,160,1.8,0,0,0,0,0
Sam Adekugbe,DF,Canada,27-336,Hatayspor,1995,3,1,95,1.1,0,0,0,1,0
Stephen Eustáquio,MF,Canada,25-362,Porto,1996,2,2,125,1.4,0,0,0,0,0
Steven Vitória,DF,Canada,35-341,Chaves,1987,3,3,270,3,0,0,0,1,0
Tajon Buchanan,MF,Canada,23-313,Club Brugge,1999,3,3,260,2.9,0,1,0,1,0
Anthony Contreras,FW,Costa Rica,22-323,Club Sport Herediano,2000,3,2,125,1.4,0,0,0,1,0
Brandon Aguilera,MF,Costa Rica,19-173,Asociación Deportiva Guanacasteca,2003,3,1,90,1,0,0,0,0,0
Bryan Oviedo,DF,Costa Rica,32-303,Real Salt Lake,1990,3,3,260,2.9,0,0,0,0,0
Bryan Ruiz,MF,Costa Rica,37-122,Liga Deportiva Alajuelense,1985,1,0,30,0.3,0,0,0,0,0
Carlos Martínez,DF,Costa Rica,23-263,AD San Carlos,1999,1,1,45,0.5,0,0,0,0,0
Celso Borges,MF,Costa Rica,34-205,Liga Deportiva Alajuelense,1988,3,3,249,2.8,0,0,0,1,0
Daniel Chacón,MF,Costa Rica,21-251,CS Cartaginés,2001,1,0,1,0,0,0,0,0,0
Francisco Calvo,DF,Costa Rica,30-163,Konyaspor,1992,2,2,180,2,0,0,0,2,0
Gerson Torres,MF,Costa Rica,25-112,Club Sport Herediano,1997,1,1,64,0.7,0,0,0,0,0
Jewison Bennette,MF,Costa Rica,18-186,Sunderland,2004,3,1,103,1.1,0,0,0,0,0
Joel Campbell,FW,Costa Rica,30-175,León,1992,3,3,269,3,0,0,0,1,0
Johan Venegas,FW,Costa Rica,34-021,Liga Deportiva Alajuelense,1988,1,1,73,0.8,0,0,0,0,0
Juan Pablo Vargas,DF,Costa Rica,27-195,Millonarios,1995,1,1,90,1,1,0,1,0,0
Kendall Waston,DF,Costa Rica,34-351,Deportivo Saprissa,1988,3,2,225,2.5,0,0,0,0,0
Keylor Navas,GK,Costa Rica,36-003,Paris S-G,1986,3,3,270,3,0,0,0,0,0
Keysher Fuller,DF,Costa Rica,28-160,Club Sport Herediano,1994,3,3,253,2.8,1,0,1,0,0
Roan Wilson,MF,Costa Rica,20-231,Municipal Grecia,2002,1,0,1,0,0,0,0,0,0
Rónald Matarrita,DF,Costa Rica,28-162,FC Cincinnati,1994,2,0,26,0.3,0,0,0,0,0
Yeltsin Tejeda,MF,Costa Rica,30-276,Club Sport Herediano,1992,3,3,269,3,1,1,1,0,0
Youstin Salas,DF,Costa Rica,26-184,Deportivo Saprissa,1996,2,0,47,0.5,0,0,0,0,0
Álvaro Zamora,MF,Costa Rica,20-284,Deportivo Saprissa,2002,1,0,30,0.3,0,0,0,0,0
Óscar Duarte,DF,Costa Rica,33-198,Al-Wehda,1989,3,3,270,3,0,0,0,1,0
Andrej Kramarić,FW,Croatia,31-182,Hoffenheim,1991,7,7,474,5.3,2,0,2,0,0
Ante Budimir,FW,Croatia,31-149,Osasuna,1991,2,0,55,0.6,0,0,0,0,0
Borna Barišić,DF,Croatia,30-038,Rangers,1992,1,1,120,1.3,0,0,0,1,0
Borna Sosa,DF,Croatia,24-331,Stuttgart,1998,5,5,424,4.7,0,0,0,0,0
Bruno Petković,FW,Croatia,28-093,Dinamo Zagreb,1994,6,1,234,2.6,1,0,1,1,0
Dejan Lovren,DF,Croatia,33-166,Zenit,1989,6,6,600,6.7,0,1,0,1,0
Dominik Livaković,GK,Croatia,27-343,Dinamo Zagreb,1995,7,7,690,7.7,0,0,0,1,0
Ivan Perišić,FW,Croatia,33-319,Tottenham,1989,7,7,669,7.4,1,3,1,0,0
Josip Juranović,DF,Croatia,27-124,Celtic,1995,6,6,600,6.7,0,1,0,0,0
Josip Stanišić,DF,Croatia,22-260,Bayern Munich,2000,1,1,90,1,0,0,0,0,0
Josip Šutalo,DF,Croatia,22-293,Dinamo Zagreb,2000,1,1,90,1,0,0,0,0,0
Joško Gvardiol,DF,Croatia,20-329,RB Leipzig,2002,7,7,690,7.7,1,0,1,0,0
Kristijan Jakić,FW,Croatia,25-218,Eint Frankfurt,1997,1,0,1,0,0,0,0,0,0
Lovro Majer,MF,Croatia,24-335,Rennes,1998,7,1,130,1.4,1,0,1,0,0
Luka Modrić,MF,Croatia,37-100,Real Madrid,1985,7,7,653,7.3,0,0,0,1,0
Marcelo Brozović,MF,Croatia,30-032,Inter,1992,6,6,552,6.1,0,0,0,1,0
Mario Pašalić,FW,Croatia,27-312,Atalanta,1995,7,2,271,3,0,0,0,0,0
Marko Livaja,FW,Croatia,29-114,Hajduk Split,1993,6,3,241,2.7,1,1,1,0,0
Mateo Kovačić,MF,Croatia,28-226,Chelsea,1994,7,7,635,7.1,0,0,0,2,0
Mislav Oršić,FW,Croatia,29-354,Dinamo Zagreb,1992,6,1,162,1.8,1,2,1,0,0
Nikola Vlašić,FW,Croatia,25-075,Torino,1997,6,1,209,2.3,0,0,0,0,0
Alexander Bah,DF,Denmark,25-009,Benfica,1997,2,0,46,0.5,0,0,0,0,0
Andreas Christensen,DF,Denmark,26-252,Barcelona,1996,3,3,270,3,1,0,1,1,0
Andreas Cornelius,FW,Denmark,29-277,FC Copenhagen,1993,3,1,92,1,0,0,0,1,0
Andreas Skov Olsen,FW,Denmark,22-354,Club Brugge,1999,2,2,132,1.5,0,0,0,0,0
Christian Eriksen,MF,Denmark,30-307,Manchester Utd,1992,3,3,270,3,0,0,0,0,0
Christian Nørgaard,MF,Denmark,28-283,Brentford,1994,1,0,6,0.1,0,0,0,0,0
Jesper Lindstrøm,MF,Denmark,22-292,Eint Frankfurt,2000,3,2,200,2.2,0,0,0,0,0
Joachim Andersen,DF,Denmark,26-201,Crystal Palace,1996,3,3,270,3,0,1,0,0,0
Joakim Mæhle,DF,Denmark,25-212,Atalanta,1997,3,3,249,2.8,0,0,0,0,0
Kasper Dolberg,FW,Denmark,25-073,Sevilla,1997,3,1,114,1.3,0,0,0,0,0
Kasper Schmeichel,GK,Denmark,36-043,Nice,1986,3,3,270,3,0,0,0,0,0
Martin Braithwaite,FW,Denmark,31-196,Espanyol,1991,2,1,103,1.1,0,0,0,0,0
Mathias Jensen,MF,Denmark,26-351,Brentford,1996,2,1,84,0.9,0,0,0,1,0
Mikkel Damsgaard,MF,Denmark,22-168,Brentford,2000,3,1,150,1.7,0,0,0,0,0
Pierre Højbjerg,MF,Denmark,27-135,Tottenham,1995,3,3,270,3,0,0,0,0,0
Rasmus Nissen,DF,Denmark,25-160,Leeds United,1997,3,3,224,2.5,0,0,0,1,0
Robert Skov,DF,Denmark,26-212,Hoffenheim,1996,1,0,22,0.2,0,0,0,1,0
Simon Kjær,DF,Denmark,33-267,Milan,1989,1,1,64,0.7,0,0,0,0,0
Thomas Delaney,MF,Denmark,31-106,Sevilla,1991,1,1,44,0.5,0,0,0,0,0
Victor Nelsson,DF,Denmark,24-065,Galatasaray,1998,1,1,90,1,0,0,0,0,0
Alan Franco,MF,Ecuador,24-119,Talleres,1998,2,1,46,0.5,0,0,0,0,0
Carlos Gruezo,MF,Ecuador,27-243,Augsburg,1995,1,1,45,0.5,0,0,0,0,0
Djorkaeff Reasco,FW,Ecuador,23-334,Newell's OB,1999,1,0,27,0.3,0,0,0,0,0
Enner Valencia,FW,Ecuador,33-044,Fenerbahçe,1989,3,3,255,2.8,3,0,2,0,0
Félix Torres Caicedo,DF,Ecuador,25-341,Santos,1997,3,3,270,3,0,1,0,0,0
Gonzalo Plata,MF,Ecuador,22-047,Valladolid,2000,3,3,269,3,0,0,0,0,0
Hernán Galíndez,GK,Ecuador,35-263,SD Aucas,1987,3,3,270,3,0,0,0,0,0
Jackson Porozo,DF,Ecuador,22-136,Troyes,2000,2,1,96,1.1,0,0,0,0,0
Jeremy Sarmiento,MF,Ecuador,20-185,Brighton,2002,3,0,85,0.9,0,0,0,0,0
Jhegson Méndez,MF,Ecuador,25-236,Los Angeles FC,1997,2,2,180,2,0,0,0,2,0
José Cifuentes,MF,Ecuador,23-281,Los Angeles FC,1999,2,0,59,0.7,0,0,0,0,0
Kevin Rodríguez,FW,Ecuador,22-289,,2000,2,0,2,0,0,0,0,0,0
Michael Estrada,FW,Ecuador,26-255,Cruz Azul,1996,3,3,225,2.5,0,0,0,0,0
Moisés Caicedo,MF,Ecuador,21-046,Brighton,2001,3,3,269,3,1,0,1,1,0
Pervis Estupiñán,DF,Ecuador,24-331,Brighton,1998,3,3,270,3,0,0,0,0,0
Piero Hincapié,DF,Ecuador,20-343,Leverkusen,2002,3,3,270,3,0,0,0,0,0
Romario Ibarra,MF,Ecuador,28-085,Pachuca,1994,2,1,68,0.8,0,0,0,0,0
Ángelo Preciado,DF,Ecuador,24-303,Genk,1998,3,3,264,2.9,0,1,0,0,0
Bukayo Saka,FW,England,21-104,Arsenal,2001,4,4,288,3.2,3,0,3,0,0
Callum Wilson,FW,England,30-294,Newcastle Utd,1992,2,0,48,0.5,0,1,0,0,0
Declan Rice,MF,England,23-338,West Ham,1999,5,5,417,4.6,0,0,0,0,0
Eric Dier,DF,England,28-337,Tottenham,1994,2,0,36,0.4,0,0,0,0,0
Harry Kane,FW,England,29-143,Tottenham,1993,5,5,402,4.5,2,3,1,0,0
Harry Maguire,DF,England,29-288,Manchester Utd,1993,5,5,429,4.8,0,1,0,1,0
Jack Grealish,FW,England,27-099,Manchester City,1995,5,0,86,1,1,0,1,0,0
John Stones,DF,England,28-204,Manchester City,1994,5,5,434,4.8,0,0,0,0,0
Jordan Henderson,MF,England,32-184,Liverpool,1990,4,3,271,3,1,0,1,0,0
Jordan Pickford,GK,England,28-286,Everton,1994,5,5,450,5,0,0,0,0,0
Jude Bellingham,MF,England,19-172,Dortmund,2003,5,5,414,4.6,1,1,1,0,0
Kalvin Phillips,MF,England,27-016,Manchester City,1995,2,0,42,0.5,0,1,0,0,0
Kieran Trippier,DF,England,32-090,Newcastle Utd,1990,3,2,206,2.3,0,0,0,0,0
Kyle Walker,DF,England,32-204,Manchester City,1990,3,3,236,2.6,0,0,0,0,0
Luke Shaw,DF,England,27-159,Manchester Utd,1995,5,5,424,4.7,0,1,0,0,0
Marcus Rashford,FW,England,25-048,Manchester Utd,1997,5,1,140,1.6,3,0,3,0,0
Mason Mount,MF,England,23-342,Chelsea,1999,4,2,186,2.1,0,0,0,0,0
Phil Foden,FW,England,22-204,Manchester City,2000,4,3,258,2.9,1,2,1,0,0
Raheem Sterling,FW,England,28-010,Chelsea,1994,3,2,149,1.7,1,1,1,0,0
Trent Alexander-Arnold,DF,England,24-072,Liverpool,1998,1,0,34,0.4,0,0,0,0,0
Adrien Rabiot,MF,France,27-259,Juventus,1995,6,5,483,5.4,1,1,1,1,0
Antoine Griezmann,MF,France,31-272,Atlético Madrid,1991,7,6,537,6,0,3,0,1,0
Aurélien Tchouaméni,MF,France,22-325,Real Madrid,2000,7,7,621,6.9,1,0,1,1,0
Axel Disasi,DF,France,24-282,Monaco,1998,3,1,92,1,0,0,0,0,0
Benjamin Pavard,DF,France,26-265,Bayern Munich,1996,1,1,88,1,0,0,0,0,0
Dayot Upamecano,DF,France,24-052,Bayern Munich,1998,5,5,480,5.3,0,0,0,0,0
Eduardo Camavinga,DF,France,20-038,Real Madrid,2002,2,1,140,1.6,0,0,0,0,0
Hugo Lloris,GK,France,35-357,Tottenham,1986,6,6,570,6.3,0,0,0,0,0
Ibrahima Konaté,DF,France,23-207,Liverpool,1999,5,3,294,3.3,0,0,0,0,0
Jordan Veretout,MF,France,29-292,Marseille,1993,1,1,62,0.7,0,0,0,0,0
Jules Koundé,DF,France,24-036,Barcelona,1998,6,5,480,5.3,0,0,0,1,0
Kingsley Coman,FW,France,26-188,Bayern Munich,1996,6,1,169,1.9,0,0,0,0,0
Kylian Mbappé,FW,France,23-363,Paris S-G,1998,7,6,598,6.6,8,2,6,0,0
Lucas Hernández,DF,France,26-307,Bayern Munich,1996,1,1,12,0.1,0,0,0,0,0
Marcus Thuram,FW,France,25-134,M'Gladbach,1997,5,0,151,1.7,0,2,0,1,0
Mattéo Guendouzi,FW,France,23-248,Marseille,1999,1,1,78,0.9,0,0,0,0,0
Olivier Giroud,FW,France,36-079,Milan,1986,6,6,419,4.7,4,0,4,1,0
Ousmane Dembélé,FW,France,25-217,Barcelona,1997,7,6,433,4.8,0,2,0,1,0
Randal Kolo Muani,FW,France,24-013,Eint Frankfurt,1998,3,1,182,2,1,0,1,0,0
Raphaël Varane,DF,France,29-237,Manchester Utd,1993,6,6,518,5.8,0,0,0,0,0
Steve Mandanda,GK,France,37-265,Rennes,1985,1,1,90,1,0,0,0,0,0
Theo Hernández,DF,France,25-073,Milan,1997,6,5,508,5.6,1,2,1,1,0
William Saliba,DF,France,21-269,Arsenal,2001,1,0,28,0.3,0,0,0,0,0
Youssouf Fofana,MF,France,23-342,Monaco,1999,6,2,227,2.5,0,0,0,0,0
Antonio Rüdiger,DF,Germany,29-290,Real Madrid,1993,3,3,270,3,0,0,0,0,0
David Raum,DF,Germany,24-240,RB Leipzig,1998,3,3,242,2.7,0,1,0,0,0
Jamal Musiala,MF,Germany,19-295,Bayern Munich,2003,3,3,258,2.9,0,1,0,0,0
Jonas Hofmann,FW,Germany,30-157,M'Gladbach,1992,2,0,30,0.3,0,0,0,0,0
Joshua Kimmich,MF,Germany,27-313,Bayern Munich,1995,3,3,270,3,0,0,0,1,0
Kai Havertz,FW,Germany,23-190,Chelsea,1999,2,1,102,1.1,2,0,2,0,0
Leon Goretzka,MF,Germany,27-315,Bayern Munich,1995,3,2,159,1.8,0,0,0,1,0
Leroy Sané,FW,Germany,26-341,Bayern Munich,1996,2,1,111,1.2,0,1,0,0,0
Lukas Klostermann,DF,Germany,26-198,RB Leipzig,1996,2,0,66,0.7,0,0,0,0,0
Manuel Neuer,GK,Germany,36-266,Bayern Munich,1986,3,3,270,3,0,0,0,0,0
Mario Götze,MF,Germany,30-198,Eint Frankfurt,1992,2,0,36,0.4,0,0,0,0,0
Matthias Ginter,DF,Germany,28-333,Freiburg,1994,1,0,1,0,0,0,0,0,0
Niclas Füllkrug,FW,Germany,29-312,Werder Bremen,1993,3,0,69,0.8,2,1,2,0,0
Nico Schlotterbeck,DF,Germany,23-017,Dortmund,1999,2,1,94,1,0,0,0,0,0
Niklas Süle,DF,Germany,27-106,Dortmund,1995,3,3,269,3,0,0,0,0,0
Serge Gnabry,FW,Germany,27-157,Bayern Munich,1995,3,3,263,2.9,1,1,1,0,0
Thilo Kehrer,DF,Germany,26-088,West Ham,1996,1,1,69,0.8,0,0,0,1,0
Thomas Müller,FW,Germany,33-096,Bayern Munich,1989,3,3,201,2.2,0,0,0,0,0
Youssoufa Moukoko,FW,Germany,18-028,Dortmund,2004,1,0,1,0,0,0,0,0,0
İlkay Gündoğan,MF,Germany,32-055,Manchester City,1990,3,3,189,2.1,1,0,0,0,0
Abdul Fatawu Issahaku,FW,Ghana,18-285,Sporting CP,2004,1,0,1,0,0,0,0,0,0
Alexander Djiku,DF,Ghana,28-131,Strasbourg,1994,2,1,97,1.1,0,0,0,0,0
Alidu Seidu,DF,Ghana,22-197,Clermont Foot,2000,2,2,155,1.7,0,0,0,2,0
André Ayew,MF,Ghana,33-001,Al Sadd SC,1989,3,3,198,2.2,1,0,1,1,0
Antoine Semenyo,FW,Ghana,22-345,Bristol City,2000,2,0,20,0.2,0,0,0,0,0
Baba Rahman,DF,Ghana,28-169,Reading,1994,3,2,183,2,0,0,0,0,0
Daniel Amartey,DF,Ghana,27-362,Leicester City,1994,3,3,251,2.8,0,0,0,2,0
Daniel Kyereh,MF,Ghana,26-285,Freiburg,1996,3,0,33,0.4,0,0,0,0,0
Denis Odoi,DF,Ghana,34-205,Club Brugge,1988,1,0,13,0.1,0,0,0,0,0
Gideon Mensah,DF,Ghana,24-153,Auxerre,1998,1,1,87,1,0,1,0,0,0
Iñaki Williams,FW,Ghana,28-186,Athletic Club,1994,3,3,270,3,0,0,0,0,0
Jordan Ayew,FW,Ghana,31-098,Crystal Palace,1991,3,2,136,1.5,0,1,0,0,0
Kamaldeen Sulemana,FW,Ghana,20-306,Rennes,2002,2,0,58,0.6,0,0,0,1,0
Kudus Mohammed,FW,Ghana,22-138,Ajax,2000,3,3,247,2.7,2,0,2,1,0
Lawrence Ati-Zigi,GK,Ghana,26-019,St. Gallen,1996,3,3,270,3,0,0,0,0,0
Mohammed Salisu,DF,Ghana,23-245,Southampton,1999,3,3,270,3,1,0,1,0,0
Osman Bukari,MF,Ghana,24-005,Red Star,1998,2,0,59,0.7,1,0,1,0,0
Salis Abdul Samed,MF,Ghana,22-267,Lens,2000,3,3,250,2.8,0,0,0,0,0
Tariq Lamptey,DF,Ghana,22-079,Brighton,2000,2,1,102,1.1,0,0,0,1,0
Thomas Partey,MF,Ghana,29-188,Arsenal,1993,3,3,270,3,0,0,0,0,0
Abolfazl Jalali,DF,IR Iran,24-175,Esteghlal,1998,1,0,19,0.2,0,0,0,1,0
Ahmad Nourollahi,MF,IR Iran,29-319,Al-Ahli Dubai FC,1993,3,3,223,2.5,0,0,0,0,0
Ali Gholizadeh,MF,IR Iran,26-283,Charleroi,1996,3,2,199,2.2,0,1,0,0,0
Ali Karimi,MF,IR Iran,28-310,Kayserispor,1994,3,1,99,1.1,0,0,0,0,0
Alireza Beiranvand,GK,IR Iran,30-088,Persepolis,1992,2,2,109,1.2,0,0,0,0,0
Alireza Jahanbakhsh,MF,IR Iran,29-129,Feyenoord,1993,2,1,59,0.7,0,0,0,2,0
Ehsan Hajsafi,MF,IR Iran,32-296,AEK Athens,1990,3,3,237,2.6,0,0,0,0,0
Hossein Hosseini,GK,IR Iran,30-171,Esteghlal,1992,2,1,161,1.8,0,0,0,0,0
Hossein Kanaanizadegan,DF,IR Iran,28-270,Al Ahli SC,1994,1,0,45,0.5,0,0,0,1,0
Karim Ansarifard,FW,IR Iran,32-259,AC Omonia,1990,2,0,35,0.4,0,0,0,0,0
Majid Hosseini,DF,IR Iran,26-181,Kayserispor,1996,3,3,270,3,0,0,0,1,0
Mehdi Taremi,FW,IR Iran,30-153,Porto,1992,3,3,270,3,2,1,1,0,0
Mehdi Torabi,MF,IR Iran,28-099,Persepolis,1994,3,0,62,0.7,0,0,0,0,0
Milad Mohammadi,DF,IR Iran,29-080,AEK Athens,1993,3,3,196,2.2,0,0,0,0,0
Morteza Pouraliganji,DF,IR Iran,30-243,Persepolis,1992,3,3,270,3,0,0,0,1,0
Ramin Rezaeian,DF,IR Iran,32-272,Sepahan,1990,2,2,180,2,1,0,1,1,0
Roozbeh Cheshmi,DF,IR Iran,29-147,Esteghlal,1993,2,1,58,0.6,1,0,1,0,0
Sadegh Moharrami,DF,IR Iran,26-292,Dinamo Zagreb,1996,1,1,90,1,0,0,0,0,0
Saeid Ezatolahi,MF,IR Iran,26-078,Vejle BK,1996,3,2,217,2.4,0,0,0,0,0
Saman Ghoddos,MF,IR Iran,29-103,Brentford,1993,1,0,45,0.5,0,0,0,0,0
Sardar Azmoun,FW,IR Iran,27-351,Leverkusen,1995,3,2,126,1.4,0,0,0,0,0
Ao Tanaka,MF,Japan,24-099,Düsseldorf,1998,3,2,171,1.9,1,0,1,0,0
Ayase Ueda,FW,Japan,24-099,Cercle Brugge,1998,1,1,45,0.5,0,0,0,0,0
Daichi Kamada,FW,Japan,26-135,Eint Frankfurt,1996,4,4,322,3.6,0,0,0,0,0
Daizen Maeda,FW,Japan,25-059,Celtic,1997,3,3,180,2,1,0,1,0,0
Hidemasa Morita,MF,Japan,27-222,Sporting CP,1995,3,3,285,3.2,0,0,0,0,0
Hiroki Ito,DF,Japan,23-220,Stuttgart,1999,1,0,45,0.5,0,0,0,0,0
Hiroki Sakai,MF,Japan,32-250,Urawa Reds,1990,2,1,119,1.3,0,0,0,0,0
Junya Ito,MF,Japan,29-284,Reims,1993,4,3,324,3.6,0,1,0,0,0
Kaoru Mitoma,MF,Japan,25-212,Brighton,1997,4,0,165,1.8,0,1,0,0,0
Ko Itakura,DF,Japan,25-325,M'Gladbach,1997,3,3,270,3,0,1,0,2,0
Maya Yoshida,DF,Japan,34-116,Schalke 04,1988,4,4,390,4.3,0,1,0,1,0
Miki Yamane,DF,Japan,28-361,Kawa Frontale,1993,1,1,61,0.7,0,0,0,1,0
Ritsu Doan,FW,Japan,24-185,Freiburg,1998,4,2,217,2.4,2,0,2,0,0
Shogo Taniguchi,DF,Japan,31-156,Kawa Frontale,1991,2,2,210,2.3,0,0,0,1,0
Shūichi Gonda,GK,Japan,33-290,S-Pulse,1989,4,4,390,4.3,0,0,0,0,0
Takefusa Kubo,FW,Japan,21-197,Real Sociedad,2001,2,2,90,1,0,0,0,0,0
Takehiro Tomiyasu,DF,Japan,24-043,Arsenal,1998,3,1,187,2.1,0,0,0,0,0
Takuma Asano,FW,Japan,28-038,Bochum,1994,4,0,165,1.8,1,0,1,0,0
Takumi Minamino,FW,Japan,27-336,Monaco,1995,3,0,60,0.7,0,0,0,0,0
Wataru Endo,MF,Japan,29-312,Stuttgart,1993,4,3,304,3.4,0,0,0,1,0
Yuki Soma,FW,Japan,25-296,Grampus,1997,1,1,81,0.9,0,0,0,0,0
Yuto Nagatomo,MF,Japan,36-097,FC Tokyo,1986,4,4,209,2.3,0,0,0,0,0
Cho Guesung,FW,Korea Republic,24-327,Jeonbuk,1998,4,3,275,3.1,2,0,2,1,0
Cho Yumin,FW,Korea Republic,26-031,Daejeon Citizen FC,1996,1,0,1,0,0,0,0,0,0
Hong Chul,DF,Korea Republic,32-092,Daegu,1990,1,0,45,0.5,0,0,0,0,0
Hwang Hee-chan,MF,Korea Republic,26-326,Wolves,1996,2,1,115,1.3,1,0,1,1,0
Hwang In-beom,MF,Korea Republic,26-089,Olympiacos,1996,4,4,334,3.7,0,0,0,0,0
Hwang Ui-jo,FW,Korea Republic,30-112,Olympiacos,1992,4,1,106,1.2,0,0,0,0,0
Jeong Woo-yeong,MF,Korea Republic,23-089,Freiburg,1999,1,1,45,0.5,0,0,0,0,0
Jung Woo-young,MF,Korea Republic,33-004,Al Sadd SC,1989,4,4,303,3.4,0,0,0,2,0
Kim Jin-su,DF,Korea Republic,30-188,Jeonbuk,1992,4,4,315,3.5,0,1,0,0,0
Kim Min-jae,DF,Korea Republic,26-033,Napoli,1996,3,3,269,3,0,0,0,0,0
Kim Moonhwan,DF,Korea Republic,27-139,Jeonbuk,1995,4,4,360,4,0,0,0,0,0
Kim Seung-gyu,GK,Korea Republic,32-079,Al-Shabab,1990,4,4,360,4,0,0,0,0,0
Kim Young-gwon,DF,Korea Republic,32-294,Ulsan Hyundai,1990,4,4,350,3.9,1,0,1,1,0
Kwon Chang-hoon,FW,Korea Republic,28-171,Sangju Sangmu,1994,1,1,56,0.6,0,0,0,0,0
Kwon Kyung-won,DF,Korea Republic,30-321,Gamba Osaka,1992,2,1,91,1,0,0,0,0,0
Lee Jae-sung,MF,Korea Republic,30-130,Mainz 05,1992,3,3,211,2.3,0,0,0,0,0
Lee Kangin,MF,Korea Republic,21-302,Mallorca,2001,4,1,147,1.6,0,1,0,1,0
Na Sang-ho,FW,Korea Republic,26-128,FC Seoul,1996,2,1,119,1.3,0,0,0,0,0
Paik Seung-ho,MF,Korea Republic,25-276,Jeonbuk,1997,1,0,26,0.3,1,0,1,0,0
Son Heung-min,FW,Korea Republic,30-163,Tottenham,1992,4,4,360,4,0,1,0,0,0
Son Jun-ho,MF,Korea Republic,30-220,Shandong Lunen,1992,3,0,72,0.8,0,0,0,0,0
Alexis Vega,FW,Mexico,25-023,Guadalajara,1997,3,3,193,2.1,0,0,0,0,0
Andrés Guardado,MF,Mexico,36-081,Betis,1986,1,1,41,0.5,0,0,0,0,0
Charly Rodríguez,MF,Mexico,25-349,Cruz Azul,1997,2,0,34,0.4,0,0,0,0,0
César Montes,DF,Mexico,25-297,Monterrey,1997,3,3,270,3,0,1,0,0,0
Edson Álvarez,MF,Mexico,25-055,Ajax,1997,2,2,175,1.9,0,0,0,1,0
Erick Gutiérrez,MF,Mexico,27-186,PSV Eindhoven,1995,1,0,49,0.5,0,0,0,1,0
Guillermo Ochoa,GK,Mexico,37-158,América,1985,3,3,270,3,0,0,0,0,0
Henry Martín,FW,Mexico,30-030,América,1992,2,2,146,1.6,1,0,1,0,0
Hirving Lozano,FW,Mexico,27-141,Napoli,1995,3,3,252,2.8,0,0,0,0,0
Héctor Herrera,MF,Mexico,32-243,Houston Dynamo,1990,2,2,160,1.8,0,0,0,1,0
Héctor Moreno,DF,Mexico,34-335,Monterrey,1988,3,3,270,3,0,0,0,1,0
Jesús Gallardo,DF,Mexico,28-125,Monterrey,1994,3,3,270,3,0,0,0,0,0
Jorge Eduardo Sánchez,DF,Mexico,25-008,Ajax,1997,2,2,175,1.9,0,0,0,1,0
Kevin Álvarez,DF,Mexico,23-337,Pachuca,1999,2,1,70,0.8,0,0,0,0,0
Luis Chávez,MF,Mexico,26-337,Pachuca,1996,3,3,270,3,1,0,1,0,0
Néstor Araujo,DF,Mexico,31-111,América,1991,1,1,90,1,0,0,0,1,0
Orbelín Pineda,MF,Mexico,26-269,AEK Athens,1996,1,1,76,0.8,0,0,0,0,0
Raúl Jiménez,FW,Mexico,31-227,Wolves,1991,3,0,59,0.7,0,0,0,0,0
Roberto Alvarado,FW,Mexico,24-102,Guadalajara,1998,1,0,18,0.2,0,0,0,1,0
Rogelio Funes Mori,FW,Mexico,31-288,Monterrey,1991,1,0,5,0.1,0,0,0,0,0
Uriel Antuna,FW,Mexico,25-119,Cruz Azul,1997,3,0,77,0.9,0,0,0,0,0
Abdelhamid Sabiri,MF,Morocco,26-020,Sampdoria,1996,5,2,181,2,0,1,0,1,0
Abderrazak Hamdallah,FW,Morocco,32-001,Al-Ittihad,1990,4,0,68,0.8,0,0,0,0,0
Abdessamad Ezzalzouli,FW,Morocco,21-001,Osasuna,2001,3,0,93,1,0,0,0,0,0
Achraf Dari,DF,Morocco,23-226,Brest,1999,3,2,187,2.1,1,0,1,1,0
Achraf Hakimi,DF,Morocco,24-044,Paris S-G,1998,7,7,631,7,0,1,0,0,0
Anass Zaroury,FW,Morocco,22-041,Burnley,2000,1,0,27,0.3,0,0,0,0,0
Azzedine Ounahi,MF,Morocco,22-243,Angers,2000,7,6,568,6.3,0,0,0,1,0
Badr Banoun,DF,Morocco,29-079,Qatar SC,1993,3,0,54,0.6,0,0,0,0,0
Bilal El Khannous,MF,Morocco,18-222,Genk,2004,1,1,55,0.6,0,0,0,0,0
Hakim Ziyech,FW,Morocco,29-274,Chelsea,1993,7,7,635,7.1,1,1,1,0,0
Ilias Chair,MF,Morocco,25-049,QPR,1997,1,0,45,0.5,0,0,0,0,0
Jawad El Yamiq,DF,Morocco,30-292,Valladolid,1992,6,3,309,3.4,0,0,0,0,0
Munir,GK,Morocco,33-222,Al-Wehda,1989,1,1,90,1,0,0,0,0,0
Nayef Aguerd,DF,Morocco,26-263,West Ham,1996,4,4,353,3.9,0,0,0,0,0
Noussair Mazraoui,DF,Morocco,25-034,Bayern Munich,1997,5,5,365,4.1,0,0,0,0,0
Romain Saïss,DF,Morocco,32-267,Beşiktaş,1990,6,6,466,5.2,1,0,1,1,0
Selim Amallah,MF,Morocco,26-033,Standard Liège,1996,7,4,409,4.5,0,0,0,1,0
Sofiane Boufal,FW,Morocco,29-092,Angers,1993,7,7,475,5.3,0,0,0,1,0
Sofyan Amrabat,MF,Morocco,26-119,Fiorentina,1996,7,7,660,7.3,0,0,0,1,0
Walid Cheddira,FW,Morocco,24-330,Bari,1998,2,0,64,0.7,0,0,0,2,1
Yahya Attiat Allah,DF,Morocco,27-291,Wydad Casablanca,1995,6,2,318,3.5,0,1,0,0,0
Yahya Jabrane,MF,Morocco,31-183,Wydad Casablanca,1991,2,0,15,0.2,0,0,0,0,0
Yassine Bounou,GK,Morocco,31-257,Sevilla,1991,6,6,570,6.3,0,0,0,0,0
Youssef En-Nesyri,FW,Morocco,25-200,Sevilla,1997,7,7,542,6,2,0,2,0,0
Zakaria Aboukhlal,FW,Morocco,22-303,Toulouse,2000,4,0,79,0.9,1,0,1,0,0
Andries Noppert,GK,Netherlands,28-255,Heerenveen,1994,5,5,480,5.3,0,0,0,0,0
Cody Gakpo,FW,Netherlands,23-225,PSV Eindhoven,1999,5,5,450,5,3,0,3,0,0
Daley Blind,DF,Netherlands,32-284,Ajax,1990,5,5,423,4.7,1,1,1,0,0
Davy Klaassen,MF,Netherlands,29-300,Ajax,1993,4,3,190,2.1,1,2,1,0,0
Denzel Dumfries,DF,Netherlands,26-244,Inter,1996,5,5,479,5.3,1,2,1,2,1
Frenkie de Jong,MF,Netherlands,25-220,Barcelona,1997,5,5,475,5.3,1,1,1,1,0
Jurriën Timber,DF,Netherlands,21-184,Ajax,2001,4,4,390,4.3,0,0,0,1,0
Kenneth Taylor,MF,Netherlands,20-216,Ajax,2002,1,0,5,0.1,0,0,0,0,0
Luuk de Jong,FW,Netherlands,32-113,PSV Eindhoven,1990,1,0,57,0.6,0,0,0,0,0
Marten de Roon,MF,Netherlands,31-264,Atalanta,1991,5,3,184,2,0,0,0,0,0
Matthijs de Ligt,DF,Netherlands,23-128,Bayern Munich,1999,2,1,91,1,0,0,0,1,0
Memphis,FW,Netherlands,28-308,Barcelona,1994,5,3,297,3.3,1,0,1,1,0
Nathan Aké,DF,Netherlands,27-303,Manchester City,1995,5,5,479,5.3,0,0,0,1,0
Noa Lang,MF,Netherlands,23-184,Club Brugge,1999,1,0,8,0.1,0,0,0,1,0
Steven Berghuis,MF,Netherlands,30-364,Ajax,1991,4,1,200,2.2,0,1,0,1,0
Steven Bergwijn,FW,Netherlands,25-071,Ajax,1997,4,3,213,2.4,0,0,0,1,0
Teun Koopmeiners,MF,Netherlands,24-293,Atalanta,1998,5,1,219,2.4,0,1,0,1,0
Vincent Janssen,FW,Netherlands,28-186,Antwerp,1994,2,1,86,1,0,0,0,0,0
Virgil van Dijk,DF,Netherlands,31-163,Liverpool,1991,5,5,480,5.3,0,0,0,0,0
Wout Weghorst,FW,Netherlands,30-133,Beşiktaş,1992,4,0,64,0.7,2,0,2,1,0
Xavi Simons,FW,Netherlands,19-241,PSV Eindhoven,2003,1,0,9,0.1,0,0,0,0,0
Arkadiusz Milik,FW,Poland,28-293,Juventus,1994,3,1,101,1.1,0,0,0,1,0
Artur Jędrzejczyk,DF,Poland,35-044,Legia Warsaw,1987,1,0,19,0.2,0,0,0,0,0
Bartosz Bereszyński,DF,Poland,30-159,Sampdoria,1992,4,4,341,3.8,0,0,0,1,0
Damian Szymański,MF,Poland,27-185,AEK Athens,1995,1,0,29,0.3,0,0,0,0,0
Grzegorz Krychowiak,MF,Poland,32-323,Al-Shabab,1990,4,4,332,3.7,0,0,0,1,0
Jakub Kamiński,MF,Poland,20-196,Wolfsburg,2002,4,2,233,2.6,0,0,0,0,0
Jakub Kiwior,DF,Poland,22-306,Spezia,2000,4,4,355,3.9,0,0,0,1,0
Jan Bednarek,DF,Poland,26-250,Aston Villa,1996,1,0,5,0.1,0,0,0,0,0
Kamil Glik,DF,Poland,34-318,Benevento,1988,4,4,360,4,0,0,0,0,0
Kamil Grosicki,MF,Poland,34-193,Pogoń Szczecin,1988,1,0,4,0,0,0,0,0,0
Karol Świderski,FW,Poland,25-329,Charlotte,1997,1,1,45,0.5,0,0,0,0,0
Krystian Bielik,MF,Poland,24-348,Derby County,1998,4,2,216,2.4,0,0,0,0,0
Krzysztof Piątek,FW,Poland,27-170,Salernitana,1995,2,0,28,0.3,0,0,0,0,0
Matty Cash,DF,Poland,25-133,Aston Villa,1997,4,4,360,4,0,0,0,2,0
Michał Skóraś,MF,Poland,22-306,Lech Poznań,2000,1,0,45,0.5,0,0,0,0,0
Nicola Zalewski,MF,Poland,20-329,Roma,2002,2,1,65,0.7,0,0,0,0,0
Piotr Zieliński,MF,Poland,28-212,Napoli,1994,4,4,328,3.6,1,0,1,0,0
Przemysław Frankowski,MF,Poland,27-250,Lens,1995,4,3,240,2.7,0,0,0,1,0
Robert Lewandowski,FW,Poland,34-119,Barcelona,1988,4,4,360,4,2,1,1,0,0
Sebastian Szymański,MF,Poland,23-222,Feyenoord,1999,2,2,134,1.5,0,0,0,0,0
Wojciech Szczęsny,GK,Poland,32-244,Juventus,1990,4,4,360,4,0,0,0,0,0
André Silva,FW,Portugal,27-042,RB Leipzig,1995,1,0,26,0.3,0,0,0,0,0
António Silva,DF,Portugal,19-049,Benfica,2003,1,1,90,1,0,0,0,0,0
Bernardo Silva,MF,Portugal,28-130,Manchester City,1994,5,4,356,4,0,0,0,0,0
Bruno Fernandes,FW,Portugal,28-101,Manchester Utd,1994,4,4,356,4,2,3,1,1,0
Cristiano Ronaldo,FW,Portugal,37-316,Manchester Utd,1985,5,3,290,3.2,1,0,0,0,0
Danilo Pereira,DF,Portugal,31-100,Paris S-G,1991,1,1,90,1,0,0,0,1,0
Diogo Costa,GK,Portugal,23-090,Porto,1999,5,5,450,5,0,0,0,0,0
Diogo Dalot,DF,Portugal,23-275,Manchester Utd,1999,3,3,258,2.9,0,2,0,0,0
Gonçalo Ramos,FW,Portugal,21-181,Benfica,2001,4,2,152,1.7,3,1,3,0,0
João Cancelo,DF,Portugal,28-205,Manchester City,1994,4,3,310,3.4,0,0,0,0,0
João Félix,FW,Portugal,23-038,Atlético Madrid,1999,4,4,331,3.7,1,2,1,1,0
João Mário,FW,Portugal,29-333,Benfica,1993,2,1,84,0.9,0,0,0,0,0
João Palhinha,MF,Portugal,27-162,Fulham,1995,3,0,38,0.4,0,0,0,0,0
Matheus Nunes,MF,Portugal,24-113,Wolves,1998,2,1,73,0.8,0,0,0,0,0
Nuno Mendes,DF,Portugal,20-182,Paris S-G,2002,1,1,41,0.5,0,0,0,0,0
Otávio,MF,Portugal,27-312,Porto,1995,3,3,196,2.2,0,0,0,0,0
Pepe,DF,Portugal,39-295,Porto,1983,4,4,360,4,1,0,1,0,0
Rafael Leão,FW,Portugal,23-191,Milan,1999,5,0,88,1,2,0,2,0,0
Raphaël Guerreiro,DF,Portugal,28-361,Dortmund,1993,4,3,279,3.1,1,2,1,0,0
Ricardo Horta,FW,Portugal,28-094,Braga,1994,3,1,119,1.3,1,0,1,0,0
Rúben Dias,DF,Portugal,25-218,Manchester City,1997,4,4,360,4,0,0,0,1,0
Rúben Neves,MF,Portugal,25-280,Wolves,1997,5,4,268,3,0,0,0,1,0
Vitinha,MF,Portugal,22-308,Paris S-G,2000,3,1,120,1.3,0,0,0,1,0
William Carvalho,MF,Portugal,30-255,Betis,1992,4,2,215,2.4,0,0,0,0,0
Abdelkarim Hassan,DF,Qatar,29-112,Al Sadd SC,1993,3,3,270,3,0,0,0,0,0
Abdulaziz Hatem,MF,Qatar,32-051,Al Rayyan SC,1990,3,2,196,2.2,0,0,0,0,0
Ahmed Alaaeldin,FW,Qatar,29-321,Al-Gharafa Sports Club,1993,1,0,6,0.1,0,0,0,0,0
Akram Afif,FW,Qatar,26-030,Al Sadd SC,1996,3,3,270,3,0,0,0,1,0
Ali Assadalla,MF,Qatar,29-333,Al Sadd SC,1993,1,0,27,0.3,0,0,0,0,0
Almoez Ali,FW,Qatar,26-121,Al Duhail SC,1996,3,3,224,2.5,0,0,0,1,0
Assim Madibo,MF,Qatar,26-057,Al Duhail SC,1996,2,2,153,1.7,0,0,0,1,0
Bassam Al-Rawi,DF,Qatar,25-002,Al Duhail SC,1997,1,1,90,1,0,0,0,0,0
Boualem Khoukhi,DF,Qatar,32-162,Al Sadd SC,1990,3,3,270,3,0,0,0,0,0
Hassan Al-Haydos,MF,Qatar,32-007,Al Sadd SC,1990,3,3,206,2.3,0,0,0,0,0
Homam Ahmed,DF,Qatar,23-115,Al-Gharafa Sports Club,1999,3,3,262,2.9,0,0,0,1,0
Ismail Mohamad,FW,Qatar,32-257,Al Duhail SC,1990,2,2,174,1.9,0,1,0,1,0
Karim Boudiaf,MF,Qatar,32-093,Al Duhail SC,1990,3,2,185,2.1,0,0,0,1,0
Meshaal Barsham,GK,Qatar,24-307,Al Sadd SC,1998,2,2,180,2,0,0,0,0,0
Mohammed Muntari,FW,Qatar,28-363,Al Duhail SC,1993,3,0,63,0.7,1,0,1,0,0
Mohammed Waad,MF,Qatar,23-091,Al Sadd SC,1999,2,0,28,0.3,0,0,0,0,0
Musab Kheder,DF,Qatar,29-083,Al Sadd SC,1993,1,0,6,0.1,0,0,0,0,0
Ró-Ró,DF,Qatar,32-134,Al Sadd SC,1990,3,3,262,2.9,0,0,0,0,0
Saad Al Sheeb,GK,Qatar,32-302,Al Sadd SC,1990,1,1,90,1,0,0,0,1,0
Tarek Salman,DF,Qatar,25-013,Al Sadd SC,1997,1,0,8,0.1,0,0,0,0,0
Abdulelah Al-Amri,DF,Saudi Arabia,25-337,Al-Nassr,1997,3,2,182,2,0,0,0,2,0
Abdulellah Al-Malki,MF,Saudi Arabia,28-068,Al-Hilal,1994,2,2,174,1.9,0,0,0,2,0
Abdullah Madu,DF,Saudi Arabia,29-156,Al-Nassr,1993,1,0,45,0.5,0,0,0,1,0
Abdulrahman Al-Aboud,MF,Saudi Arabia,27-200,Al-Ittihad,1995,2,0,35,0.4,0,0,0,0,0
Ali Al Hassan,MF,Saudi Arabia,25-289,Al-Nassr,1997,1,1,45,0.5,0,0,0,1,0
Ali Al-Bulaihi,DF,Saudi Arabia,33-027,Al-Hilal,1989,3,3,216,2.4,0,0,0,1,0
Asiri Haitham,FW,Saudi Arabia,21-268,Al-Ahli,2001,1,0,2,0,0,0,0,0,0
Firas Al-Buraikan,MF,Saudi Arabia,22-218,Al-Fateh,2000,3,3,268,3,0,1,0,0,0
Hassan Al Tambakti,DF,Saudi Arabia,23-312,Al-Shabab,1999,2,2,180,2,0,0,0,1,0
Hattan Bahebri,MF,Saudi Arabia,30-155,Al-Shabab,1992,2,0,4,0,0,1,0,1,0
Mohamed Kanno,MF,Saudi Arabia,28-087,Al-Hilal,1994,3,3,270,3,0,0,0,0,0
Mohammed Al-Breik,DF,Saudi Arabia,30-094,Al-Hilal,1992,2,1,65,0.7,0,0,0,0,0
Mohammed Al-Owais,GK,Saudi Arabia,31-069,Al-Hilal,1991,3,3,270,3,0,0,0,1,0
Nasser Al-Dawsari,FW,Saudi Arabia,23-364,Al-Hilal,1998,1,0,5,0.1,0,0,0,0,0
Nawaf Al Abed,MF,Saudi Arabia,32-326,Al-Shabab,1990,2,0,88,1,0,0,0,1,0
Riyadh Sharahili,MF,Saudi Arabia,29-234,Abha,1993,1,0,54,0.6,0,0,0,0,0
Saleh Al-Shehri,FW,Saudi Arabia,29-047,Al-Hilal,1993,3,3,223,2.5,1,0,1,1,0
Salem Al-Dawsari,MF,Saudi Arabia,31-121,Al-Hilal,1991,3,3,270,3,2,0,2,1,0
Salman Al-Faraj,MF,Saudi Arabia,33-139,Al-Hilal,1989,1,1,44,0.5,0,0,0,0,0
Sami Al-Najei,MF,Saudi Arabia,25-314,Al-Nassr,1997,1,1,45,0.5,0,0,0,0,0
Saud Abdulhamid,DF,Saudi Arabia,23-153,Al-Hilal,1999,3,3,270,3,0,0,0,1,0
Sultan Al-Ghanam,DF,Saudi Arabia,28-226,Al-Nassr,1994,3,1,126,1.4,0,0,0,0,0
Yasser Al-Shahrani,DF,Saudi Arabia,30-207,Al-Hilal,1992,1,1,89,1,0,0,0,0,0
Abdou Diallo,DF,Senegal,26-228,RB Leipzig,1996,4,4,331,3.7,0,0,0,0,0
Bamba Dieng,FW,Senegal,22-270,Marseille,2000,4,0,100,1.1,1,0,1,0,0
Boulaye Dia,FW,Senegal,26-032,Salernitana,1996,4,4,318,3.5,1,0,1,1,0
Cheikhou Kouyaté,MF,Senegal,32-362,Nott'ham Forest,1989,1,1,72,0.8,0,0,0,0,0
Edouard Mendy,GK,Senegal,30-292,Chelsea,1992,4,4,360,4,0,0,0,0,0
Famara Diedhiou,FW,Senegal,30-003,Alanyaspor,1992,2,1,92,1,1,0,1,0,0
Fodé Ballo-Touré,DF,Senegal,25-349,Milan,1997,1,0,7,0.1,0,0,0,0,0
Idrissa Gana Gueye,MF,Senegal,33-083,Everton,1989,3,3,270,3,0,0,0,2,0
Iliman Ndiaye,FW,Senegal,22-287,Sheffield Utd,2000,3,2,135,1.5,0,1,0,0,0
Ismail Jakobs,DF,Senegal,23-123,Monaco,1999,4,3,278,3.1,0,1,0,1,0
Ismaila Sarr,FW,Senegal,24-296,Watford,1998,4,4,344,3.8,1,0,0,0,0
Kalidou Koulibaly,DF,Senegal,31-181,Chelsea,1991,4,4,360,4,1,0,1,1,0
Krépin Diatta,FW,Senegal,23-296,Monaco,1999,3,3,181,2,0,0,0,0,0
Nampalys Mendy,MF,Senegal,30-178,Leicester City,1992,4,3,272,3,0,0,0,1,0
Nicolas Jackson,FW,Senegal,21-181,Villarreal,2001,1,0,17,0.2,0,0,0,0,0
Pape Abou Cissé,DF,Senegal,27-095,Olympiacos,1995,3,1,105,1.2,0,0,0,0,0
Pape Gueye,MF,Senegal,23-328,Marseille,1999,3,1,153,1.7,0,0,0,0,0
Pape Matar Sarr,MF,Senegal,20-095,Tottenham,2002,2,0,59,0.7,0,0,0,0,0
Pathé Ciss,MF,Senegal,28-277,Rayo Vallecano,1994,3,2,146,1.6,0,0,0,1,0
Youssouf Sabaly,DF,Senegal,29-288,Betis,1993,4,4,360,4,0,0,0,0,0
Aleksandar Mitrović,FW,Serbia,28-093,Fulham,1994,3,3,262,2.9,2,0,2,1,0
Andrija Živković,DF,Serbia,26-160,PAOK,1996,3,3,210,2.3,0,2,0,0,0
Darko Lazović,DF,Serbia,32-094,Hellas Verona,1990,1,0,25,0.3,0,0,0,0,0
Dušan Tadić,MF,Serbia,34-028,Ajax,1988,3,3,257,2.9,0,2,0,0,0
Dušan Vlahović,FW,Serbia,22-324,Juventus,2000,2,1,79,0.9,1,0,1,0,0
Filip Kostić,DF,Serbia,30-047,Juventus,1992,2,2,179,2,0,0,0,0,0
Filip Mladenović,DF,Serbia,31-125,Legia Warsaw,1991,1,1,65,0.7,0,0,0,0,0
Filip Đuričić,MF,Serbia,30-322,Sampdoria,1992,2,0,14,0.2,0,0,0,0,0
Ivan Ilić,MF,Serbia,21-276,Hellas Verona,2001,1,0,34,0.4,0,0,0,0,0
Luka Jović,FW,Serbia,24-360,Fiorentina,1997,1,0,36,0.4,0,0,0,1,0
Marko Grujić,MF,Serbia,26-249,Porto,1996,1,0,13,0.1,0,0,0,0,0
Miloš Veljković,DF,Serbia,27-083,Werder Bremen,1995,3,3,221,2.5,0,0,0,0,0
Nemanja Gudelj,MF,Serbia,31-032,Sevilla,1991,2,1,92,1,0,0,0,2,0
Nemanja Maksimović,MF,Serbia,27-326,Getafe,1995,3,1,122,1.4,0,0,0,0,0
Nemanja Radonjić,DF,Serbia,26-306,Torino,1996,3,0,60,0.7,0,0,0,0,0
Nikola Milenković,DF,Serbia,25-067,Fiorentina,1997,3,3,270,3,0,0,0,2,0
Saša Lukić,MF,Serbia,26-127,Torino,1996,3,3,245,2.7,0,0,0,2,0
Sergej Milinković-Savić,MF,Serbia,27-294,Lazio,1995,3,3,233,2.6,1,0,1,1,0
Srđan Babić,DF,Serbia,26-240,Almería,1996,1,0,13,0.1,0,0,0,0,0
Stefan Mitrović,DF,Serbia,32-210,Getafe,1990,1,0,35,0.4,0,0,0,0,0
Strahinja Pavlović,DF,Serbia,21-208,RB Salzburg,2001,3,3,235,2.6,1,0,1,2,0
Vanja Milinković-Savić,GK,Serbia,25-301,Torino,1997,3,3,270,3,0,0,0,0,0
Alejandro Balde,DF,Spain,19-061,Barcelona,2003,4,1,126,1.4,0,0,0,0,0
Ansu Fati,FW,Spain,20-048,Barcelona,2002,2,0,46,0.5,0,0,0,0,0
Aymeric Laporte,DF,Spain,28-205,Manchester City,1994,3,3,300,3.3,0,0,0,1,0
Carlos Soler,MF,Spain,25-350,Paris S-G,1997,2,0,92,1,1,0,1,0,0
César Azpilicueta,DF,Spain,33-112,Chelsea,1989,2,2,135,1.5,0,1,0,0,0
Dani Carvajal,DF,Spain,30-341,Real Madrid,1992,2,1,135,1.5,0,0,0,0,0
Dani Olmo,FW,Spain,24-225,RB Leipzig,1998,4,4,367,4.1,1,1,1,0,0
Ferrán Torres,FW,Spain,22-292,Barcelona,2000,4,3,217,2.4,2,0,1,0,0
Gavi,MF,Spain,18-135,Barcelona,2004,4,4,284,3.2,1,0,1,0,0
Jordi Alba,DF,Spain,33-272,Barcelona,1989,4,3,264,2.9,0,2,0,0,0
Koke,MF,Spain,30-344,Atlético Madrid,1992,2,0,52,0.6,0,0,0,0,0
Marco Asensio,FW,Spain,26-331,Real Madrid,1996,4,3,229,2.5,1,0,1,0,0
Marcos Llorente,DF,Spain,27-322,Atlético Madrid,1995,1,1,120,1.3,0,0,0,0,0
Nico Williams,FW,Spain,20-159,Athletic Club,2002,4,1,146,1.6,0,0,0,0,0
Pablo Sarabia,FW,Spain,30-221,Paris S-G,1992,1,0,3,0,0,0,0,0,0
Pau Torres,DF,Spain,25-336,Villarreal,1997,1,1,90,1,0,0,0,0,0
Pedri,MF,Spain,20-023,Barcelona,2002,4,4,356,4,0,0,0,0,0
Rodri,DF,Spain,26-179,Manchester City,1996,4,4,390,4.3,0,0,0,0,0
Sergio Busquets,MF,Spain,34-155,Barcelona,1988,4,4,363,4,0,0,0,1,0
Unai Simón,GK,Spain,25-190,Athletic Club,1997,4,4,390,4.3,0,0,0,0,0
Álvaro Morata,FW,Spain,30-056,Atlético Madrid,1992,4,1,185,2.1,3,1,3,0,0
Ardon Jasari,FW,Switzerland,20-141,Luzern,2002,1,0,2,0,0,0,0,0,0
Breel Embolo,FW,Switzerland,25-307,Monaco,1997,4,4,323,3.6,2,0,2,0,0
Christian Fassnacht,FW,Switzerland,29-037,Young Boys,1993,1,0,8,0.1,0,0,0,0,0
Denis Zakaria,MF,Switzerland,26-028,Chelsea,1996,2,0,59,0.7,0,0,0,0,0
Djibril Sow,MF,Switzerland,25-315,Eint Frankfurt,1997,4,4,264,2.9,0,1,0,0,0
Edimilson Fernandes,FW,Switzerland,26-247,Mainz 05,1996,3,1,145,1.6,0,0,0,0,0
Eray Cömert,DF,Switzerland,24-317,Valencia,1998,2,0,46,0.5,0,0,0,1,0
Fabian Frei,MF,Switzerland,33-344,Basel,1989,2,0,25,0.3,0,0,0,0,0
Fabian Rieder,FW,Switzerland,20-305,Young Boys,2002,2,1,68,0.8,0,0,0,1,0
Fabian Schär,DF,Switzerland,30-363,Newcastle Utd,1991,2,2,135,1.5,0,0,0,2,0
Granit Xhaka,MF,Switzerland,30-082,Arsenal,1992,4,4,360,4,0,0,0,1,0
Gregor Kobel,GK,Switzerland,25-012,Dortmund,1997,1,1,90,1,0,0,0,0,0
Haris Seferović,FW,Switzerland,30-299,Galatasaray,1992,3,0,71,0.8,0,0,0,0,0
Manuel Akanji,DF,Switzerland,27-152,Manchester City,1995,4,4,360,4,1,0,1,1,0
Michel Aebischer,MF,Switzerland,25-346,Bologna,1997,1,0,16,0.2,0,0,0,0,0
Nico Elvedi,DF,Switzerland,26-079,M'Gladbach,1996,2,2,180,2,0,0,0,1,0
Noah Okafor,FW,Switzerland,22-208,RB Salzburg,2000,3,0,45,0.5,0,0,0,0,0
Remo Freuler,MF,Switzerland,30-247,Nott'ham Forest,1992,4,4,323,3.6,1,0,1,0,0
Renato Steffen,FW,Switzerland,31-045,Lugano,1991,1,0,32,0.4,0,0,0,0,0
Ricardo Rodríguez,DF,Switzerland,30-115,Torino,1992,4,4,359,4,0,0,0,0,0
Ruben Vargas,FW,Switzerland,24-135,Augsburg,1998,4,4,285,3.2,0,1,0,1,0
Silvan Widmer,DF,Switzerland,29-288,Mainz 05,1993,3,3,265,2.9,0,1,0,1,0
Xherdan Shaqiri,FW,Switzerland,31-069,Chicago Fire,1991,3,3,229,2.5,1,1,1,0,0
Yann Sommer,GK,Switzerland,34-001,M'Gladbach,1988,3,3,270,3,0,0,0,0,0
Aimen Dahmen,GK,Tunisia,25-324,CS Sfaxien,1997,3,3,270,3,0,0,0,0,0
Ali Abdi,DF,Tunisia,28-363,Caen,1993,3,2,188,2.1,0,0,0,1,0
Ali Maâloul,DF,Tunisia,32-351,Al Ahly SC,1990,1,1,90,1,0,0,0,0,0
Anis Ben Slimane,MF,Tunisia,21-277,Brøndby,2001,2,2,148,1.6,0,0,0,0,0
Aïssa Laïdouni,MF,Tunisia,26-005,Ferencváros,1996,3,3,243,2.7,0,1,0,1,0
Dylan Bronn,DF,Tunisia,27-182,Salernitana,1995,2,2,162,1.8,0,0,0,0,0
Ellyes Skhiri,MF,Tunisia,27-222,Köln,1995,3,3,270,3,0,0,0,0,0
Ferjani Sassi,MF,Tunisia,30-275,Al Duhail SC,1992,2,0,48,0.5,0,0,0,1,0
Ghaylène Chaalali,MF,Tunisia,28-293,Espérance de Tunis,1994,1,0,17,0.2,0,0,0,0,0
Hannibal Mejbri,MF,Tunisia,19-331,Birmingham City,2003,1,0,11,0.1,0,0,0,0,0
Issam Jebali,FW,Tunisia,30-358,Odense,1991,3,2,182,2,0,0,0,0,0
Mohamed Ali Ben Romdhane,MF,Tunisia,23-103,Espérance de Tunis,1999,1,1,73,0.8,0,0,0,0,0
Mohamed Dräger,DF,Tunisia,26-176,Luzern,1996,2,2,132,1.5,0,0,0,0,0
Montassar Talbi,DF,Tunisia,24-206,Lorient,1998,3,3,270,3,0,0,0,0,0
Nader Ghandri,DF,Tunisia,27-303,Club Africain,1995,1,1,90,1,0,0,0,0,0
Naïm Sliti,MF,Tunisia,30-144,Al-Ettifaq,1992,2,1,114,1.3,0,0,0,0,0
Taha Yassine Khenissi,FW,Tunisia,30-346,Kuwait SC,1992,2,0,29,0.3,0,0,0,1,0
Wahbi Khazri,FW,Tunisia,31-313,Montpellier,1991,2,1,83,0.9,1,0,1,0,0
Wajdi Kechrida,DF,Tunisia,27-043,Atromitos,1995,3,1,111,1.2,0,0,0,1,0
Yassine Meriah,DF,Tunisia,29-169,Espérance de Tunis,1993,3,3,270,3,0,0,0,0,0
Youssef Msakni,MF,Tunisia,32-051,Al-Arabi SC,1990,2,2,169,1.9,0,0,0,0,0
Antonee Robinson,DF,United States,25-132,Fulham,1997,4,4,359,4,0,0,0,0,0
Brenden Aaronson,MF,United States,22-057,Leeds United,2000,4,0,108,1.2,0,0,0,0,0
Cameron Carter-Vickers,DF,United States,24-352,Celtic,1997,1,1,90,1,0,0,0,0,0
Christian Pulisic,FW,United States,24-091,Chelsea,1998,4,4,315,3.5,1,2,1,0,0
DeAndre Yedlin,DF,United States,29-162,Inter Miami,1993,2,0,33,0.4,0,0,0,0,0
Gio Reyna,FW,United States,20-035,Dortmund,2002,2,0,53,0.6,0,0,0,0,0
Haji Wright,FW,United States,24-266,Antalyaspor,1998,4,1,137,1.5,1,0,1,0,0
Jesús Ferreira,FW,United States,21-359,FC Dallas,2000,1,1,45,0.5,0,0,0,0,0
Jordan Morris,FW,United States,28-053,Seattle,1994,2,0,4,0,0,0,0,0,0
Josh Sargent,FW,United States,22-301,Norwich City,2000,3,2,157,1.7,0,0,0,0,0
Kellyn Acosta,MF,United States,27-147,Los Angeles FC,1995,2,0,43,0.5,0,0,0,1,0
Matt Turner,GK,United States,28-177,Arsenal,1994,4,4,360,4,0,0,0,0,0
Sergiño Dest,DF,United States,22-045,Milan,2000,4,4,305,3.4,0,1,0,1,0
Shaquell Moore,DF,United States,26-046,Nashville,1996,2,0,22,0.2,0,0,0,0,0
Tim Ream,DF,United States,35-074,Fulham,1987,4,4,360,4,0,0,0,1,0
Timothy Weah,FW,United States,22-299,Lille,2000,4,4,316,3.5,1,0,1,0,0
Tyler Adams,MF,United States,23-307,Leeds United,1999,4,4,360,4,0,0,0,1,0
Walker Zimmerman,DF,United States,29-213,Nashville,1993,4,3,279,3.1,0,0,0,0,0
Weston McKennie,MF,United States,24-112,Juventus,1998,4,4,271,3,0,0,0,1,0
Yunus Musah,MF,United States,20-019,Valencia,2002,4,4,343,3.8,0,0,0,0,0
Agustín Canobbio,MF,Uruguay,24-078,Atl Paranaense,1998,1,0,11,0.1,0,0,0,0,0
Darwin Núñez,FW,Uruguay,23-177,Liverpool,1999,3,3,240,2.7,0,0,0,1,0
Diego Godín,DF,Uruguay,36-305,Vélez Sarsf,1986,2,2,151,1.7,0,0,0,0,0
Edinson Cavani,FW,Uruguay,35-307,Valencia,1987,3,1,124,1.4,0,0,0,1,0
Facundo Pellistri,MF,Uruguay,20-363,Manchester Utd,2001,3,2,181,2,0,0,0,0,0
Federico Valverde,MF,Uruguay,24-149,Real Madrid,1998,3,3,270,3,0,0,0,0,0
Giorgian De Arrascaeta,MF,Uruguay,28-200,Flamengo,1994,2,1,108,1.2,2,0,2,0,0
Guillermo Varela,DF,Uruguay,29-269,Flamengo,1993,3,2,183,2,0,0,0,0,0
José María Giménez,DF,Uruguay,27-332,Atlético Madrid,1995,3,3,270,3,0,0,0,1,0
Luis Suárez,FW,Uruguay,35-328,Nacional,1987,3,2,146,1.6,0,1,0,1,0
Martín Cáceres,DF,Uruguay,35-255,LA Galaxy,1987,1,1,90,1,0,0,0,1,0
Mathías Olivera,DF,Uruguay,25-048,Napoli,1997,3,3,253,2.8,0,0,0,1,0
Matías Vecino,MF,Uruguay,31-116,Lazio,1991,3,2,195,2.2,0,0,0,0,0
Matías Viña,DF,Uruguay,25-039,Roma,1997,2,0,17,0.2,0,0,0,0,0
Maxi Gómez,FW,Uruguay,26-126,Trabzonspor,1996,2,0,30,0.3,0,0,0,0,0
Nicolás De La Cruz,MF,Uruguay,25-200,River Plate,1997,2,0,38,0.4,0,0,0,0,0
Rodrigo Bentancur,MF,Uruguay,25-176,Tottenham,1997,3,3,213,2.4,0,0,0,1,0
Sebastián Coates,DF,Uruguay,32-072,Sporting CP,1990,2,2,180,2,0,0,0,1,0
Sergio Rochet,GK,Uruguay,29-270,Nacional,1993,3,3,270,3,0,0,0,0,0
Aaron Ramsey,MF,Wales,31-357,Nice,1990,3,3,266,3,0,0,0,1,0
Ben Davies,DF,Wales,29-238,Tottenham,1993,3,3,238,2.6,0,0,0,0,0
Brennan Johnson,FW,Wales,21-209,Nott'ham Forest,2001,3,0,91,1,0,0,0,0,0
Chris Mepham,DF,Wales,25-043,Bournemouth,1997,3,3,270,3,0,0,0,1,0
Connor Roberts,DF,Wales,27-086,Burnley,1995,3,2,200,2.2,0,0,0,0,0
Daniel James,FW,Wales,25-038,Fulham,1997,3,2,154,1.7,0,0,0,1,0
Danny Ward,GK,Wales,29-179,Leicester City,1993,2,1,94,1,0,0,0,0,0
Ethan Ampadu,MF,Wales,22-095,Spezia,2000,3,3,255,2.8,0,0,0,0,0
Gareth Bale,FW,Wales,33-155,Los Angeles FC,1989,3,3,225,2.5,1,0,0,1,0
Harry Wilson,MF,Wales,25-271,Fulham,1997,3,2,160,1.8,0,0,0,0,0
Joe Allen,MF,Wales,32-279,Swansea City,1990,2,1,94,1,0,0,0,0,0
Joe Morrell,MF,Wales,25-349,Portsmouth,1997,2,0,33,0.4,0,0,0,0,0
Joe Rodon,DF,Wales,25-057,Rennes,1997,3,3,270,3,0,0,0,1,0
Kieffer Moore,FW,Wales,30-132,Bournemouth,1992,3,2,225,2.5,0,0,0,0,0
Neco Williams,DF,Wales,21-249,Nott'ham Forest,2001,3,3,204,2.3,0,0,0,0,0
Rubin Colwill,MF,Wales,20-235,Cardiff City,2002,1,0,10,0.1,0,0,0,0,0
Sorba Thomas,MF,Wales,23-118,Huddersfield,1999,1,0,1,0,0,0,0,0,0
Wayne Hennessey,GK,Wales,35-328,Nott'ham Forest,1987,2,2,175,1.9,0,0,0,0,1